Workbook

Sheet BAR
S1: BAR
B2: CC Elbląg | G2: Grafik ważny w dniach : | L2: =C4 -> 45989 | N2: - | O2: =U4 -> 45995
A4: lp. | B4: Nazwisko i Imię | C4: 45989 | F4: 45990 | I4: 45991 | L4: 45992 | O4: 45993 | R4: 45994 | U4: 45995 | X4: tyg.
C5: piątek | F5: sobota | I5: niedziela | L5: poniedziałek | O5: wtorek | R5: środa | U5: czwartek | Y5: NASZE KOMENTARZE
A6: 1 | B6: Alan H. | L6: OW | O6: BAR | P6: 0.45833333 | Q6: 0.71875 | U6: SP | X6: =E6-D6+H6-G6+K6-J6+N6-M6+Q6-P6+T6-S6+W6-V6 -> 0.26041667
A7: 2 | B7: Aleksandra G. | C7: BAR | D7: 0.45833333 | E7: 0.71875 | L7: SP | O7: BAR/OW | P7: 0.64583333 | Q7: 0.89583333 | U7: BAR | V7: 0.375 | W7: 0.71875 | X7: =E7-D7+H7-G7+K7-J7+N7-M7+Q7-P7+T7-S7+W7-V7 -> 0.85416667
A8: 3 | B8: Alina M. | L8: OW | U8: BAR/OW | V8: 0.64583333 | W8: 0.89583333 | X8: =E8-D8+H8-G8+K8-J8+N8-M8+Q8-P8+T8-S8+W8-V8 -> 0.25
A9: 4 | B9: Dominik P. | L9: SP | O9: BAR | P9: 0.70833333 | Q9: 1 | U9: OW | X9: =E9-D9+H9-G9+K9-J9+N9-M9+Q9-P9+T9-S9+W9-V9 -> 0.29166667
A10: 5 | B10: Emilia B. | L10: BAR | M10: 0.45833333 | N10: 0.71875 | O10: OW | R10: SP | X10: =E10-D10+H10-G10+K10-J10+N10-M10+Q10-P10+T10-S10+W10-V10 -> 0.26041667
A11: 6 | B11: Jakub P. | C11: OW | F11: OW | I11: BAR/OW | J11: 0.54166667 | K11: 0.875 | U11: SP | X11: =E11-D11+H11-G11+K11-J11+N11-M11+Q11-P11+T11-S11+W11-V11 -> 0.33333333
A12: 7 | B12: Justyna P. | F12: OW/SP | R12: BAR/OW | S12: 0.64583333 | T12: 0.89583333 | X12: =E12-D12+H12-G12+K12-J12+N12-M12+Q12-P12+T12-S12+W12-V12 -> 0.25
A13: 8 | B13: Kacper W. | C13: SP | F13: BAR | G13: 0.375 | H13: 0.66666667 | I13: BAR/OW | J13: 0.5 | K13: 0.83333333 | X13: =E13-D13+H13-G13+K13-J13+N13-M13+Q13-P13+T13-S13+W13-V13 -> 0.625
A14: 9 | B14: Klaudia G. | L14: BAR/OW | M14: 0.64583333 | N14: 0.875 | O14: SP | R14: BAR | S14: 0.45833333 | T14: 0.71875 | X14: =E14-D14+H14-G14+K14-J14+N14-M14+Q14-P14+T14-S14+W14-V14 -> 0.48958333
A15: 10 | B15: Leonard C. | C15: SP | F15: BAR | G15: 0.65625 | H15: 1 | I15: BAR | J15: 0.65625 | K15: 1 | R15: OW | X15: =E15-D15+H15-G15+K15-J15+N15-M15+Q15-P15+T15-S15+W15-V15 -> 0.6875
A16: 11 | B16: Michał K. | F16: SP | I16: OW | X16: =E16-D16+H16-G16+K16-J16+N16-M16+Q16-P16+T16-S16+W16-V16 -> 0
A17: 12 | B17: Patrycja N. | C17: BAR | D17: 0.70833333 | E17: 1 | F17: BAR/OW | G17: 0.45833333 | H17: 0.83333333 | I17: BAR | J17: 0.375 | K17: 0.66666667 | R17: SP | X17: =E17-D17+H17-G17+K17-J17+N17-M17+Q17-P17+T17-S17+W17-V17 -> 0.95833333
A18: 13 | B18: Roksana P. | L18: SP | R18: OW | X18: =E18-D18+H18-G18+K18-J18+N18-M18+Q18-P18+T18-S18+W18-V18 -> 0
A19: 14 | B19: Sara R. | F19: Szk | I19: OW/SP | L19: Szk | M19: 0.70833333 | N19: 1
A20: 15 | B20: Sara W. | C20: BAR/OW | D20: 0.64583333 | E20: 0.89583333 | X20: =E20-D20+H20-G20+K20-J20+N20-M20+Q20-P20+T20-S20+W20-V20 -> 0.25 | Y20: =BAR!#REF! -> #REF! | Z20: =SUM(X20:Y20) -> #REF!
A21: 16 | B21: Weronika D. | O21: OW | X21: =E21-D21+H21-G21+K21-J21+N21-M21+Q21-P21+T21-S21+W21-V21 -> 0
A22: 17 | B22: Wioleta J. | I22: BAR/OW | J22: 0.5 | K22: 0.75 | R22: BAR | S22: 0.70833333 | T22: 1 | U22: OW | X22: =E22-D22+H22-G22+K22-J22+N22-M22+Q22-P22+T22-S22+W22-V22 -> 0.54166667
A23: 18 | B23: Zuzanna M. | C23: BAR/OW | D23: 0.58333333 | E23: 0.875 | F23: BAR/OW | G23: 0.5 | H23: 0.875 | I23: BAR | J23: 0.375 | K23: 0.66666667 | O23: SP | U23: BAR | V23: 0.70833333 | W23: 1 | X23: =E23-D23+H23-G23+K23-J23+N23-M23+Q23-P23+T23-S23+W23-V23 -> 1.25
D24: =SUM(E6:E23)-SUM(D6:D23) -> 1.09375 | G24: =SUM(H6:H23)-SUM(G6:G23) -> 1.3854167 | J24: =SUM(K6:K23)-SUM(J6:J23) -> 1.84375 | M24: =SUM(N6:N23)-SUM(M6:M23) -> 0.78125 | P24: =SUM(Q6:Q23)-SUM(P6:P23) -> 0.80208333 | S24: =SUM(T6:T23)-SUM(S6:S23) -> 0.80208333 | V24: =SUM(W6:W23)-SUM(V6:V23) -> 0.88541667 | X24: =SUM(D24,G24,J24,M24,P24,S24,V24) -> 7.59375
X25: =SUM(X6:X14) -> 3.6145833
C27: 21 | F27: 27 | I27: 27 | L27: 15 | O27: 15 | R27: 20 | U27: 15
C29: 21 | F29: 27 | I29: 27 | L29: 15 | O29: 15 | R29: 20 | U29: 15 | X29: =SUM(C27:U27) -> 140
C30: 29 | F30: 36 | I30: 36 | L30: 15 | O30: 15 | R30: 36 | U30: 15
C31: 42 | F31: 50 | I31: 50 | L31: 15 | O31: 15 | R31: 40 | U31: 15
B33: SPRZATANIE SOCJALA | C33: Ssoc
B34: SPRZATANIE SZATNI | C34: Ssz
B35: BRAK PROPOZYCJI
B36: SZKOLENIE | C36: Szk
B37: BRAK SZKOLEŃ
B38: NOKTOWIZOR | C38: N
B39: SPRZĄTANIE | C39: SP

Sheet OW
S1: OBSŁUGA WIDZA
B2: CC Elbląg | G2: Grafik ważny w dniach : | L2: =C4 -> 45989 | N2: - | O2: =U4 -> 45995
A4: lp. | B4: Nazwisko i Imię | C4: 45989 | F4: 45990 | I4: 45991 | L4: 45992 | O4: 45993 | R4: 45994 | U4: 45995 | X4: tyg.
C5: piątek | F5: sobota | I5: niedziela | L5: poniedziałek | O5: wtorek | R5: środa | U5: czwartek | AA5: NASZE KOMENTARZE
A6: 1 | B6: Alan H. | L6: OW | M6: 0.54166667 | N6: 0.79166667 | O6: BAR | U6: SP | V6: 0.375 | W6: 0.5 | X6: =E6-D6+H6-G6+K6-J6+N6-M6+Q6-P6+T6-S6+W6-V6 -> 0.375 | Y6: =BAR!X6 -> 0.26041667 | Z6: =SUM(X6:Y6) -> 0.63541667
A7: 2 | B7: Aleksandra G. | C7: BAR | L7: SP | M7: 0.375 | N7: 0.5 | O7: BAR/OW | U7: BAR | X7: =E7-D7+H7-G7+K7-J7+N7-M7+Q7-P7+T7-S7+W7-V7 -> 0.125 | Y7: =BAR!X7 -> 0.85416667 | Z7: =SUM(X7:Y7) -> 0.97916667
A8: 3 | B8: Alina M. | C8: OW | D8: 0.54166667 | E8: 0.79166667 | L8: OW | M8: 0.79166667 | N8: 1.0416667 | U8: BAR/OW | X8: =E8-D8+H8-G8+K8-J8+N8-M8+Q8-P8+T8-S8+W8-V8 -> 0.5 | Y8: =BAR!X8 -> 0.25 | Z8: =SUM(X8:Y8) -> 0.75
A9: 4 | B9: Dominik P. | L9: SP | M9: 0.875 | N9: 1.0416667 | O9: BAR | U9: OW | V9: 0.54166667 | W9: 0.79166667 | X9: =E9-D9+H9-G9+K9-J9+N9-M9+Q9-P9+T9-S9+W9-V9 -> 0.41666667 | Y9: =BAR!X9 -> 0.29166667 | Z9: =SUM(X9:Y9) -> 0.70833333
A10: 5 | B10: Emilia B. | L10: BAR | O10: OW | P10: 0.54166667 | Q10: 0.79166667 | R10: SP | S10: 0.375 | T10: 0.5 | X10: =E10-D10+H10-G10+K10-J10+N10-M10+Q10-P10+T10-S10+W10-V10 -> 0.375 | Y10: =BAR!X10 -> 0.26041667 | Z10: =SUM(X10:Y10) -> 0.63541667
A11: 6 | B11: Jakub P. | C11: OW | D11: 0.70833333 | E11: 1.0416667 | F11: OW | G11: 0.70833333 | H11: 1.0416667 | I11: BAR/OW | U11: SP | V11: 0.875 | W11: 1.0416667 | X11: =E11-D11+H11-G11+K11-J11+N11-M11+Q11-P11+T11-S11+W11-V11 -> 0.83333333 | Y11: =BAR!X11 -> 0.33333333 | Z11: =SUM(X11:Y11) -> 1.1666667
A12: 7 | B12: Justyna P. | F12: OW/SP | G12: 0.375 | H12: 0.70833333 | R12: BAR/OW | X12: =E12-D12+H12-G12+K12-J12+N12-M12+Q12-P12+T12-S12+W12-V12 -> 0.33333333 | Y12: =BAR!X12 -> 0.25 | Z12: =SUM(X12:Y12) -> 0.58333333
A13: 8 | B13: Kacper W. | C13: SP | D13: 0.375 | E13: 0.5 | F13: BAR | I13: BAR | X13: =E13-D13+H13-G13+K13-J13+N13-M13+Q13-P13+T13-S13+W13-V13 -> 0.125 | Y13: =BAR!X13 -> 0.625 | Z13: =SUM(X13:Y13) -> 0.75
A14: 9 | B14: Klaudia G. | L14: BAR/OW | O14: SP | P14: 0.375 | Q14: 0.5 | R14: BAR | X14: =E14-D14+H14-G14+K14-J14+N14-M14+Q14-P14+T14-S14+W14-V14 -> 0.125 | Y14: =BAR!X14 -> 0.48958333 | Z14: =SUM(X14:Y14) -> 0.61458333
A15: 10 | B15: Leonard C. | C15: SP | D15: 0.875 | E15: 1.0416667 | F15: BAR | I15: BAR/OW | R15: OW | S15: 0.54166667 | T15: 0.79166667 | X15: =E15-D15+H15-G15+K15-J15+N15-M15+Q15-P15+T15-S15+W15-V15 -> 0.41666667 | Y15: =BAR!X15 -> 0.6875 | Z15: =SUM(X15:Y15) -> 1.1041667
A16: 11 | B16: Michał K. | F16: SP | G16: 0.875 | H16: 1.0416667 | I16: OW | J16: 0.70833333 | K16: 1.0416667 | X16: =E16-D16+H16-G16+K16-J16+N16-M16+Q16-P16+T16-S16+W16-V16 -> 0.5 | Y16: =BAR!X16 -> 0 | Z16: =SUM(X16:Y16) -> 0.5
A17: 12 | B17: Patrycja N. | C17: BAR | F17: BAR/OW | I17: BAR | R17: SP | S17: 0.875 | T17: 1.0416667 | X17: =E17-D17+H17-G17+K17-J17+N17-M17+Q17-P17+T17-S17+W17-V17 -> 0.16666667 | Y17: =BAR!X17 -> 0.95833333 | Z17: =SUM(X17:Y17) -> 1.125
A18: 13 | B18: Roksana P. | L18: SP | M18: 0.375 | N18: 0.5 | R18: OW | S18: 0.79166667 | T18: 1.0416667 | X18: =E18-D18+H18-G18+K18-J18+N18-M18+Q18-P18+T18-S18+W18-V18 -> 0.375 | Y18: =BAR!X18 -> 0 | Z18: =SUM(X18:Y18) -> 0.375
A19: 14 | B19: Sara R. | F19: Szk | G19: 0.54166667 | H19: 0.79166667 | I19: OW/SP | J19: 0.375 | K19: 0.70833333 | L19: Szk
A20: 15 | B20: Sara W. | C20: BAR/OW | X20: =E20-D20+H20-G20+K20-J20+N20-M20+Q20-P20+T20-S20+W20-V20 -> 0 | Y20: =BAR!X20 -> 0.25 | Z20: =SUM(X20:Y20) -> 0.25
A21: 16 | B21: Weronika D. | O21: OW | P21: 0.79166667 | Q21: 1.0416667 | X21: =E21-D21+H21-G21+K21-J21+N21-M21+Q21-P21+T21-S21+W21-V21 -> 0.25 | Y21: =BAR!X21 -> 0 | Z21: =SUM(X21:Y21) -> 0.25
A22: 17 | B22: Wioleta J. | I22: BAR/OW | J22: 0.5 | K22: 0.75 | R22: BAR | U22: OW | V22: 0.79166667 | W22: 1.0416667 | X22: =E22-D22+H22-G22+K22-J22+N22-M22+Q22-P22+T22-S22+W22-V22 -> 0.5 | Y22: =BAR!X22 -> 0.54166667 | Z22: =SUM(X22:Y22) -> 1.0416667
A23: 18 | B23: Zuzanna M. | C23: BAR/OW | F23: BAR/OW | I23: BAR | O23: SP | P23: 0.875 | Q23: 1.0416667 | U23: BAR | X23: =E23-D23+H23-G23+K23-J23+N23-M23+Q23-P23+T23-S23+W23-V23 -> 0.16666667 | Y23: =BAR!X23 -> 1.25 | Z23: =SUM(X23:Y23) -> 1.4166667
D24: =SUM(E6:E23)-SUM(D6:D23) -> 0.875 | G24: =SUM(H6:H23)-SUM(G6:G23) -> 1.0833333 | J24: =SUM(K6:K23)-SUM(J6:J23) -> 0.91666667 | M24: =SUM(N6:N23)-SUM(M6:M23) -> 0.91666667 | P24: =SUM(Q6:Q23)-SUM(P6:P23) -> 0.79166667 | S24: =SUM(T6:T23)-SUM(S6:S23) -> 0.79166667 | V24: =SUM(W6:W23)-SUM(V6:V23) -> 0.79166667 | X24: =SUM(D24,G24,J24,M24,P24,S24,V24) -> 6.1666667
X25: =SUM(X6:X14) -> 3.2083333
